{"tissue_hires_scalef": 0.11462631820265932, "tissue_hires5K_scalef": 0.28656579550664835, "tissue_lowres_scalef": 0.034387895460797804, "fiducial_diameter_fullres": 187.3872840274998, "spot_diameter_fullres": 121.25059554720575}